token_symbol,token_address,taxonomy,confidence,justification,primary_source_url
cbETH,0xbe9895146f7af43049ca1c1ae358b0541ea49704,NORMAL,HIGH,"Coinbase Wrapped Staked ETH — official Coinbase-issued liquid staking token for ETH, widely integrated in DeFi, no controversial history.",https://help.coinbase.com/en/coinbase/coinbase-staking/staking/cbeth-intro
SATOSHIT,0xaccfd598ef801178ed6c816c234b16ec51ae9f32,NORMAL,MEDIUM,"Satoshit meme coin (Satoshi Nakamoto WARNING) — active ERC-20 with 1,240 holders and verified contract; speculative meme with no documented scam or exploit.",https://etherscan.io/token/0xaccfd598ef801178ed6c816c234b16ec51ae9f32
ALPHA,0x4065289877f2c4f63fec3db966f1aa39f15d1411,NORMAL,MEDIUM,"Alpha AI (AI infrastructure) ERC-20 with 885 holders and verified contract; no documented incidents. Note ticker collides with Alpha Finance Lab (0xa1faa113cbe53436df28ff0aee54275c13b40975) which is the legacy DeFi lender.",https://etherscan.io/token/0x4065289877f2c4f63fec3db966f1aa39f15d1411
BOME,0x634769eb87542eaf41c0008c05d5d8f5d8bec3a5,NORMAL,MEDIUM,"Book of Meme 3.0 ERC-20 on Ethereum; a bridged/Ethereum variant of the Solana BOME meme project. Solana BOME is verified-legitimate; no rug pull reports against either.",https://coinmarketcap.com/currencies/book-of-meme/
KERMIT,0xc8e143c0994415f3e55eb20efb17c21c2c3c587e,NORMAL,MEDIUM,"Kermit meme coin with 1,239 holders, verified contract, LP burned, contract renounced, zero taxes per project description. No scam evidence.",https://etherscan.io/token/0xc8e143c0994415f3e55eb20efb17c21c2c3c587e
GROK,0x2bb84fd8f7ed0ffae3da36ad60d4d7840bdeeada,NORMAL,MEDIUM,"SORA GROK — AI text-to-video branded memecoin; community project, not affiliated with xAI. Ticker collides with other GROK tokens (0x8390a1da07e376ef7add4be859ba74fb83aa02d5 is a different Grok).",https://etherscan.io/token/0x2bb84fd8f7ed0ffae3da36ad60d4d7840bdeeada
VSN,0x699ccf919c1dfdfa4c374292f42cadc9899bf753,NORMAL,HIGH,"Bitpanda Vision — native token of regulated EU exchange Bitpanda's Web3 ecosystem; listed on Gate, has Chainlink CCIP integration, governance utility. Legitimate exchange token.",https://www.coingecko.com/en/coins/vision-3
ZKP,0x3a5fc6f8627e6a121a246ac5f233dff6f747622e,NORMAL,MEDIUM,"zkPass (ZKP) — zero-knowledge identity protocol; note this is DIFFERENT from Panther Protocol ZKP at 0x909e34d3f6124c324ac83dcca84b74398a6fa173. Contract verified, no scam reports; ticker collision with Panther Protocol.",https://etherscan.io/token/0x3a5fc6f8627e6a121a246ac5f233dff6f747622e
APU,0x594daad7d77592a2b97b725a7ad59d7e188b5bfa,NORMAL,HIGH,"Apu Apustaja (Peepo) — community meme coin launched 2024 with renounced contract, zero taxes, trades on Uniswap V2/Curve/Balancer; well-established Pepe-adjacent meme with tens of thousands of holders.",https://www.coingecko.com/en/coins/apu-apustaja
FAITH,0x30b2de4a95f397545c6509402f235b1be0fa9a14,UNKNOWN,LOW,"Etherscan shows token named 'Prelude of the Night' (symbol FAITH) with 248 holders, no market data, no documented history. Appears to be a low-activity speculative token; insufficient evidence for a verdict.",https://etherscan.io/token/0x30b2de4a95f397545c6509402f235b1be0fa9a14
BOSS,0x70f711618d6568eaa393567fd0ea60e1b8ca67ab,NORMAL,HIGH,"Ibiza Final Boss — viral memecoin (originally Base chain, bridged to ETH); well-documented in crypto press as a large-scale legitimate meme moment that pumped 400x then crashed 85% — volatile but not fraudulent.",https://www.ccn.com/analysis/crypto/ibiza-final-boss-meme/
ETHEREAL,0xca4d0892f1d7a0f5e2dcdf490d879a15c866bf27,UNKNOWN,LOW,"Etherscan shows token named 'ETHEREAL' with 1,022 holders, unknown reputation. NOT the legitimate Ethereal DEX (Ethena ecosystem project) which has not yet distributed its token. Likely an impersonator or unrelated memecoin, but no definitive scam evidence.",https://etherscan.io/token/0xca4d0892f1d7a0f5e2dcdf490d879a15c866bf27
SUPERGROK,0xf7285d17dded63a4480a0f1f0a8cc706f02dda0a,NORMAL,MEDIUM,"Supergrok memecoin riffing on xAI's SuperGrok product; 2,811 holders, verified contract. Unaffiliated with xAI but no documented rug pull; speculative meme.",https://etherscan.io/token/0xf7285d17dded63a4480a0f1f0a8cc706f02dda0a
OSMI,0xb5ff6c64228b8bfff6d7405910976bd45d3d0ab1,NORMAL,LOW,"Osmi AI — 480 holders, 420.69B supply (meme-style), verified contract. No scam documented but thin liquidity.",https://etherscan.io/token/0xb5ff6c64228b8bfff6d7405910976bd45d3d0ab1
beraSTONE,0x97ad75064b20fb2b2447fed4fa953bf7f007a706,BENIGN,HIGH,"StakeStone Berachain Vault Token — legitimate LRT/vault receipt for Berachain's Proof of Liquidity. High-volume vault mechanics drive anomalous flows; same category as rstETH/hemiBTC in existing registry.",https://etherscan.io/token/0x97ad75064b20fb2b2447fed4fa953bf7f007a706
MARGIN,0x7135476f3d048c97c3e9007f2848372fd8765184,NORMAL,LOW,"Margin AI — 2,258 holders, verified contract, no documented scam. Low-activity speculative AI-branded token.",https://etherscan.io/token/0x7135476f3d048c97c3e9007f2848372fd8765184
MARIE,0xe8ca586752dced42e3d8776efb298f552dfbee04,NORMAL,MEDIUM,"SPX6900 Mascot (MARIE) — fan-made companion token referencing SPX6900's Marie Rose anime mascot. 1,576 holders. Not an official SPX6900 issuance but trades openly as a meme; no rug pull evidence.",https://www.spx6900.com/
AIGPU,0x6406ad0d2094b7730ae62ac72cb3583f986fa2b6,NORMAL,LOW,"AI GPU token — 501 holders, verified contract. Claims GPU-lending deflationary model; no documented rug pull but thin trading.",https://etherscan.io/token/0x6406ad0d2094b7730ae62ac72cb3583f986fa2b6
BODHI,0xe3538c96a4ff1454cf267e5a50987d7a4bb72d2a,NORMAL,MEDIUM,"Menswear dog (BODHI) — Shiba Inu menswear-modeling dog meme; 718 holders, verified contract. Speculative meme, no scam evidence.",https://etherscan.io/token/0xe3538c96a4ff1454cf267e5a50987d7a4bb72d2a
MAXI,0x9796b9e60587495d27eb251a832c1d397fc2e028,NORMAL,MEDIUM,"Maxi Doge (MAXI) — meme coin, 160 holders, verified contract, promotes '1000x leverage' meme branding; no rug pull evidence.",https://etherscan.io/token/0x9796b9e60587495d27eb251a832c1d397fc2e028
AUSD,0x00000000efe302beaa2b3e6e1b18d08d69a9012a,BENIGN,HIGH,"Agora Dollar (AUSD) — fully-backed institutional stablecoin, reserves custodied at State Street, backed by cash/Treasuries/repos. Legitimate; large-scale issuance/redemption flows cause volume spikes.",https://www.agora.finance/
puppies,0xcf91b70017eabde82c9671e30e5502d312ea6eb2,NORMAL,HIGH,"I Love Puppies meme coin with 24,191 holders, renounced contract, 42.07T supply; legitimate meme coin with strong community, no documented fraud.",https://www.coingecko.com/en/coins/i-love-puppies
YAKU,0xffd228cf984815b071ceb20c368dc98a122b56a7,UNKNOWN,LOW,"Yakushima Inu — CoinGecko reports 'stopped trading 4 months ago on all exchanges'; not a confirmed rug but abandoned/dead project. Past controversies around deletions and Veo3 logo. 925 holders.",https://www.coingecko.com/en/coins/yakushima-inu
BTCBULL,0x8ee5cfb455b3ba5cb0bb5ad91cd6fc40ac73b25c,NORMAL,HIGH,"BTC Bull Token — presale-launched token from BCBLL Limited (BVI), $8M raised, programmatic BTC airdrops tied to BTC price milestones. Legitimate-launched meme with public team, though speculative.",https://btcbulltoken.com
ZKDEX,0x3e1cb590505a44741663ed343b6b6635aaf88160,NORMAL,LOW,"zkDex — privacy-focused DEX token, 149 holders, 420.69B supply. Distinct from zkLink. Small project, no documented rug pull.",https://www.zkdex.tech/
MIND,0x2a179bfab23c71c733864776bea6e0dab9ecd79e,NORMAL,LOW,"Mind of Pepe (MIND) — meme token with 47 holders, verified contract, no documented scam. Very small project.",https://etherscan.io/token/0x2a179bfab23c71c733864776bea6e0dab9ecd79e
SACKS,0x3159be471e1d793249f3f3a2d370019a99643e7b,NORMAL,LOW,"SackFurie (SACKS) — celebrity-riff memecoin (Trump 'crypto czar' David Sacks). 100M supply, verified contract. Speculative political meme, no documented fraud.",https://etherscan.io/token/0x3159be471e1d793249f3f3a2d370019a99643e7b
ETH+,0xe72b141df173b999ae7c1adcbf60cc9833ce56a8,BENIGN,HIGH,"Reserve Protocol ETHPlus (ETH+) — legitimate RToken / Decentralized Token Folio holding basket of Lido wstETH, Rocket Pool rETH, sfrxETH, Stader ETHx. LST basket; vault rebalancing drives volume.",https://app.reserve.org/ethereum/token/0xe72b141df173b999ae7c1adcbf60cc9833ce56a8/overview
WILD,0x2a3bff78b79a009976eea096a51a948a3dc00e34,BUG,HIGH,"Wilder World (WILD) — November 3 2025 suffered cascading liquidations from Peapods pLONGWILD Pod (NOT a protocol exploit); fractional pfUSDC backing + lender-exit amplified sell pressure, TVL $32M to zero in hours, price -63% intraday. Design/market-structure failure, not malicious.",https://www.zine.live/red-monday-wild-flash-crash/
rsETH,0xa1290d69c65a6fe4df752f95823fae25cb99e5a7,HACK,HIGH,"Kelp DAO Restaked ETH — April 2026 LayerZero bridge exploit drained approx $292M, created material backing shortfall, triggered Aave bad-debt concerns; Lido proposed $5.8M stETH to plug gap. Textbook HACK event.",https://www.coindesk.com/tech/2026/04/21/the-usd292-million-kelp-dao-exploit-shows-why-crypto-bridges-are-still-one-of-the-industry-s-weakest-links
LUA,0xb1f66997a5760428d3a87d68b90bfe0ae64121cc,NORMAL,HIGH,"LuaSwap governance token — legitimate AMM DEX (Ethereum + TomoChain), no seed/founder fees, open-source on GitHub. No documented exploit; project is low-activity but not a scam.",https://github.com/luaswap/luaswap-core
REMIT,0xdf055fdcd8abdb4917f9a18b5dd91fe560300504,UNKNOWN,LOW,"Token named 'Remit' with 328K supply, 359 holders, tax mechanism, remittance-themed. No documented scam or legitimate project matching. Unknown-reputation, low-activity.",https://etherscan.io/token/0xdf055fdcd8abdb4917f9a18b5dd91fe560300504
MAYNU,0x0eeb428e02442be1e6a76451082a62e2b2b404e7,FRAUD,MEDIUM,"MayeMuskINU — brand impersonation of Maye Musk (Elon Musk's mother) with only 12 holders, trading disabled, owner-controlled trading toggle + bot list. Fits the impersonation/soft-rug pattern in the existing CZI/VAL registry entries.",https://etherscan.io/token/0x0eeb428e02442be1e6a76451082a62e2b2b404e7
AP3L,0xddb75f10a119a83a0fd8092ccc11e6e122f31d06,UNKNOWN,LOW,"AP3LINK — only 32 holders, 186,282 supply, 1-day trading window in dataset. Unknown reputation, no external references. Could be ApeLink-style brand riff but insufficient evidence to classify.",https://etherscan.io/token/0xddb75f10a119a83a0fd8092ccc11e6e122f31d06
osETH,0xf1c9acdc66974dfb6decb12aa385b9cd01190e38,BENIGN,HIGH,"StakeWise V3 osETH — legitimate liquid staking token, non-custodial, slashing-protected. Legitimate LST whose vault balancing produces the trade-dominance signal, same category as rstETH and ETH+.",https://app.eigenlayer.xyz/token/osETH
CTM,0xc8ef4398664b2eed5ee560544f659083d98a3888,NORMAL,MEDIUM,"c8ntinuum (CTM) — Layer-0 interoperability protocol, listed on 4 exchanges (XT, Uniswap, PancakeSwap, Raydium), multi-chain deployment, 24-hour volume ~$780K; legitimate small-cap, no documented exploit.",https://coinmarketcap.com/currencies/continuumcoin/
IRIS,0xea87148a703adc0de89db2ac2b6b381093ae8ee0,NORMAL,HIGH,"I.R.I.S by Virtuals — AI security audit agent co-developed by Virtuals Protocol and Nethermind's AuditAgent team. Listed on Gate Alpha, verified on Virtuals platform. Legitimate AI project.",https://www.gate.com/announcements/article/45558
AP,0xe60e9bd04ccc0a394f1fdf29874e35a773cb07f4,NORMAL,LOW,"American Party (AP) — community memecoin referencing Elon/'America Party' theme, 5,044 holders, verified contract. Low-quality meme but no documented fraud.",https://etherscan.io/token/0xe60e9bd04ccc0a394f1fdf29874e35a773cb07f4
VISION,0xe6f98920852a360497dbcc8ec895f1bb1f7c8df4,NORMAL,LOW,"OpenVision (VISION) — distributed GPU/camera compute token for vision-language models. 2,863 holders, verified contract, minimal volume. No documented fraud. Note ticker collision with Bitpanda VSN.",https://www.coingecko.com/en/coins/openvision
STRAT,0x14cf922aa1512adfc34409b63e18d391e4a86a2f,NORMAL,MEDIUM,"ETH Strategy — DAT-style 'Saylor's MSTR for ETH in DeFi' project, verified OpenZeppelin-based contract, 264 holders, small-cap. Distinct from legacy Stratis STRAT/STRAX. Legitimate but early-stage.",https://coingecko.com/en/coins/eth-strategy
DEGEN,0x420658a1d8b8f5c36ddaf1bb828f347ba9011969,NORMAL,MEDIUM,"Degen Arena — play-to-earn party game token from PepUp Studios, listed on Gate Alpha, 2,151 holders, active on Uniswap V2. No documented rug pull. Note ticker collision with Base-chain DEGEN (different project).",https://www.gate.com/announcements/article/45590
X,0xa807ae4d4e2d5a4e1a56ae4150ee33016e3133c4,UNKNOWN,LOW,"BillionDollarPropagandaMachine (X) — only 34 holders, 1-day trading window, unknown reputation. Egregiously high trade-dominance (0.497) suggests wash trading or insider concentration, but no published forensic report.",https://etherscan.io/token/0xa807ae4d4e2d5a4e1a56ae4150ee33016e3133c4
ANGELO,0x356a1256e59c4dcc2220b285fde681e85b738c8b,UNKNOWN,LOW,"Angelo token with 420.69B supply, unknown reputation, 1-day trading window, 99.7% trade dominance. Fits pump-and-dump signature but no forensic publication.",https://etherscan.io/token/0x356a1256e59c4dcc2220b285fde681e85b738c8b
Evie,0xbbfa2b2c4ee328e53a8a1efae878f05a8d415172,UNKNOWN,LOW,"Evie Pig token — only 28 holders, 1-day trading window, 99.9% trade dominance. On-chain pattern fits soft-rug / insider-dump but no forensic report.",https://etherscan.io/token/0xbbfa2b2c4ee328e53a8a1efae878f05a8d415172
URL,0xaa3efacf09767350517c5a6ee398e0dbff03785d,FRAUD,MEDIUM,"Token 'URL' — only 8 holders, contract includes blacklist functionality allowing owner to restrict addresses, 14-day trading window, 0.5 trade dominance. Owner-blacklist + extreme concentration strongly suggests honeypot / soft-rug pattern.",https://etherscan.io/token/0xaa3efacf09767350517c5a6ee398e0dbff03785d
BIDEN,0x9e59a081320ddb046d74a106335ca6b84eadc067,NORMAL,MEDIUM,"Biden Coin — election-themed meme from ElectionDAO, fair launch, 7,543 holders, verified contract, no malicious features identified, $3.1M Uniswap liquidity. Speculative political meme without fraud evidence.",https://www.coingecko.com/en/coins/biden-coin
thBILL,0x5fa487bca6158c64046b2813623e20755091da0b,BENIGN,HIGH,"Theo Short Duration US Treasury Fund (thBILL) — institutional tokenized T-bill product from Theo, $162M on-chain market cap, cross-chain via LayerZero. Legitimate RWA product; rebalancing/redemption drives high trade-dominance signature.",https://www.coingecko.com/en/coins/theo-short-duration-us-treasury-fund
$ANIBTC,0x4fad40d244ac18b284bf27015252a6705800fb34,UNKNOWN,LOW,"Anime Bitcoin ($ANIBTC) — 1-day trading window, 99.8% trade dominance, contract has owner-controlled tax + manual swap + fund extraction functions. Pattern fits pump-and-dump but not definitively documented as fraud.",https://etherscan.io/token/0x4fad40d244ac18b284bf27015252a6705800fb34
DOGIMUS,0xa1d0948745c79b5df654b0ec1082f9b61206add4,NORMAL,MEDIUM,"Tesla Dog (DOGIMUS) — meme token riffing on Elon Musk's robotic dog concept. All-time high $0.002 July 2025, 219-day trading history. Speculative meme, no documented fraud.",https://www.coinbase.com/price/tesla-dog
fxSAVE,0x7743e50f534a7f9f1791dde7dcd89f7783eefc39,BENIGN,HIGH,"f(x) Protocol SavingFxUSD (fxSAVE) — delta-neutral auto-compounding yield vault for stablecoins, built on Morpho, 27M supply, $29M market cap, 18% APY. Legitimate DeFi yield-bearing vault whose rebalancing drives the volume signal.",https://fxprotocol.gitbook.io/fx-docs/developers/integrating-fxsave
CatGirl,0x1e0698bc10f0e05d961f05c17bd45f5dad5d79ef,NORMAL,LOW,"Catgirl Robot (CatGirl) — ERC-20 meme token with 194 holders, verified contract. Distinct from BSC Catgirl (0x79ebc9a2ce02277a4b5b3a768b1c0a4ed75bd936) that rebranded to Nya. No documented fraud but thin liquidity.",https://etherscan.io/token/0x1e0698bc10f0e05d961f05c17bd45f5dad5d79ef
WLFI,0x1963a95cfc30e49cc75f7f2de6027289971cac79,NORMAL,HIGH,"World Liberty Financial governance token — Trump-family-linked DeFi platform, $2.5B market cap, listed on Robinhood. Legitimate (if politically controversial) project. Recent unlock/burn controversy and alleged hidden blacklist backdoor, but not a rug pull; ongoing regulatory scrutiny.",https://en.wikipedia.org/wiki/World_Liberty_Financial
TROLL,0xb5a4ce1d5e6598a7eecf2589703e9821d1ab1492,NORMAL,MEDIUM,"Original Troll Coin — meme token with 1,523 holders, verified contract, no audit but no documented fraud. Note ticker collision with main TROLL at 0xf8ebf4849f1fa4faf0dff2106a173d3a6cb2eb3a.",https://etherscan.io/token/0xb5a4ce1d5e6598a7eecf2589703e9821d1ab1492
mUSD,0xaca92e438df0b2401ff60da7e4337b687a2435da,BENIGN,HIGH,"MetaMask USD (mUSD) — MetaMask's first native stablecoin launched Sept 2025, issued by Bridge via M0 protocol, backed 1:1 by short-term US Treasuries in regulated custody. Legitimate stablecoin; issuance/redemption drives volume spikes. NOT Mantle USD (different product).",https://metamask.io/price/metamask-usd
ZIPT,0xedd7c94fd7b4971b916d15067bc454b9e1bad980,NORMAL,MEDIUM,"Zippie (ZIPT) — 2017-2018 ICO-era payments/remittance project, raised $19.2M, 2,755 holders. Now largely dormant with zero 24h transfers but no documented scam — just an abandoned legitimate-origin project.",https://crypto.com/price/zippie
